<BackupInst xmlns="http://www.microsoft.com/GroupPolicy/GPOOperations/Manifest"><GPOGuid><![CDATA[{1C10640E-B332-4940-B03A-87E810650C72}]]></GPOGuid><GPODomain><![CDATA[vj.lab]]></GPODomain><GPODomainGuid><![CDATA[{c6da14e8-9986-4bfb-9f4a-138fb9edaf6e}]]></GPODomainGuid><GPODomainController><![CDATA[VJ-DC01.vj.lab]]></GPODomainController><BackupTime><![CDATA[2022-01-12T21:44:45]]></BackupTime><ID><![CDATA[{26C13218-7A11-4B13-ADD5-53EA9550AB38}]]></ID><Comment><![CDATA[TIG - Workstation - Enable Audit Logging]]></Comment><GPODisplayName><![CDATA[TIG - Workstation - Enable Audit Logging]]></GPODisplayName></BackupInst>
