<BackupInst xmlns="http://www.microsoft.com/GroupPolicy/GPOOperations/Manifest"><GPOGuid><![CDATA[{8444EE1A-3845-4B64-8943-AED41C0ABC21}]]></GPOGuid><GPODomain><![CDATA[vj.lab]]></GPODomain><GPODomainGuid><![CDATA[{c6da14e8-9986-4bfb-9f4a-138fb9edaf6e}]]></GPODomainGuid><GPODomainController><![CDATA[VJ-DC01.vj.lab]]></GPODomainController><BackupTime><![CDATA[2022-01-12T21:43:46]]></BackupTime><ID><![CDATA[{87B07DC5-2172-4A90-9F17-09A0ACE401F5}]]></ID><Comment><![CDATA[TIG - Server - Enable Audit Logging Advanced]]></Comment><GPODisplayName><![CDATA[TIG - Server - Enable Audit Logging Advanced]]></GPODisplayName></BackupInst>
