<BackupInst xmlns="http://www.microsoft.com/GroupPolicy/GPOOperations/Manifest"><GPOGuid><![CDATA[{1DA26D19-1863-40A9-A818-1F4B35BCD48A}]]></GPOGuid><GPODomain><![CDATA[vj.lab]]></GPODomain><GPODomainGuid><![CDATA[{c6da14e8-9986-4bfb-9f4a-138fb9edaf6e}]]></GPODomainGuid><GPODomainController><![CDATA[VJ-DC01.vj.lab]]></GPODomainController><BackupTime><![CDATA[2022-01-12T21:44:27]]></BackupTime><ID><![CDATA[{AE154C26-AC0A-4AC8-B776-712EE846040F}]]></ID><Comment><![CDATA[TIG - Server - Enable Audit Logging]]></Comment><GPODisplayName><![CDATA[TIG - Server - Enable Audit Logging]]></GPODisplayName></BackupInst>
